https://gov.uk/government/organisations/acas,http://www.acas.org.uk/
https://gov.uk/government/organisations/advisory-committee-on-animal-feedingstuffs,http://www.food.gov.uk/acaf
https://gov.uk/government/organisations/advisory-committee-on-novel-foods-and-processes,http://www.food.gov.uk/acnfp
https://gov.uk/government/organisations/advisory-committee-on-the-microbiological-safety-of-food,http://www.food.gov.uk/acmsf
https://gov.uk/government/organisations/advisory-committees-on-justices-of-the-peace,http://www.justice.gov.uk/about/all
https://gov.uk/government/organisations/agri-food-and-biosciences-institute,http://www.afbini.gov.uk/
https://gov.uk/government/organisations/agriculture-and-horticulture-development-board,http://www.ahdb.org.uk/
https://gov.uk/government/organisations/architects-registration-board,http://www.arb.org.uk
https://gov.uk/government/organisations/armed-forces-covenant-fund-trust,https://www.covenantfund.org.uk/
https://gov.uk/government/organisations/arts-and-humanities-research-council,http://www.ahrc.ac.uk/
https://gov.uk/government/organisations/arts-council-england,http://www.artscouncil.org.uk/
https://gov.uk/government/organisations/arts-council-of-northern-ireland,http://www.artscouncil-ni.org/
https://gov.uk/government/organisations/arts-council-of-wales,https://arts.wales/
https://gov.uk/government/organisations/bank-of-england,http://www.bankofengland.co.uk/
https://gov.uk/government/organisations/bbc,http://www.bbc.co.uk
https://gov.uk/government/organisations/bbc-world-service,http://www.bbc.co.uk/worldservice/
https://gov.uk/government/organisations/biotechnology-biological-sciences-research-council,http://www.bbsrc.ac.uk/
https://gov.uk/government/organisations/birmingham-organising-committee-for-the-2022-commonwealth-games-ltd,https://www.birmingham2022.com/
https://gov.uk/government/organisations/board-of-trustees-of-the-royal-botanic-gardens-kew,http://www.kew.org/about/our-work/people-and-departments/board-trustees%20
https://gov.uk/government/organisations/boundary-commission-for-england,http://consultation.boundarycommissionforengland.independent.gov.uk/
https://gov.uk/government/organisations/boundary-commission-for-northern-ireland,http://www.boundarycommission.org.uk/
https://gov.uk/government/organisations/boundary-commission-for-scotland,http://www.bcomm-scotland.independent.gov.uk/
https://gov.uk/government/organisations/boundary-commission-for-wales,http://bcomm-wales.gov.uk/
https://gov.uk/government/organisations/british-business-bank,http://british-business-bank.co.uk/
https://gov.uk/government/organisations/british-council,http://www.britishcouncil.org
https://gov.uk/government/organisations/british-film-institute,http://www.bfi.org.uk
https://gov.uk/government/organisations/british-library,http://www.bl.uk/
https://gov.uk/government/organisations/british-museum,http://www.britishmuseum.org
https://gov.uk/government/organisations/british-pharmacopoeia,http://pharmacopoeia.com/
https://gov.uk/government/organisations/british-transport-police-authority,http://btpa.police.uk/
https://gov.uk/government/organisations/broads-authority,http://www.broads-authority.gov.uk/
https://gov.uk/government/organisations/care-quality-commission,http://www.cqc.org.uk/
https://gov.uk/government/organisations/careers-wales,http://www.careerswales.com/
https://gov.uk/government/organisations/centre-for-the-protection-of-national-infrastructure,http://www.cpni.gov.uk/
https://gov.uk/government/organisations/channel-4,http://www.channel4.com
https://gov.uk/government/organisations/chevening-foundation,http://www.chevening.org/
https://gov.uk/government/organisations/children-and-family-court-advisory-and-support-service,http://www.cafcass.gov.uk/
https://gov.uk/government/organisations/churches-conservation-trust,https://www.visitchurches.org.uk/
https://gov.uk/government/organisations/civil-aviation-authority,http://www.caa.co.uk/
https://gov.uk/government/organisations/civil-justice-council,http://www.judiciary.gov.uk/about-the-judiciary/advisory-bodies/cjc
https://gov.uk/government/organisations/civil-service-commission,http://civilservicecommission.independent.gov.uk/
https://gov.uk/government/organisations/civil-service-government-statistical-service,https://gss.civilservice.gov.uk/
https://gov.uk/government/organisations/college-of-policing,http://www.college.police.uk/
https://gov.uk/government/organisations/commissioner-for-public-appointments,http://publicappointmentscommissioner.independent.gov.uk/
https://gov.uk/government/organisations/committee-on-climate-change,http://www.theccc.org.uk/
https://gov.uk/government/organisations/committee-on-toxicity-of-chemicals-in-food-consumer-products-and-the-environment,http://www.food.gov.uk/cot
https://gov.uk/government/organisations/competition-appeal-tribunal,http://www.catribunal.org.uk/
https://gov.uk/government/organisations/competition-service,https://www.catribunal.org.uk/about/competition-service
https://gov.uk/government/organisations/construction-industry-training-board,http://www.citb.co.uk
https://gov.uk/government/organisations/consumer-council-for-water,http://www.ccwater.org.uk/
https://gov.uk/government/organisations/covent-garden-market-authority,http://www.newcoventgardenmarket.com/
https://gov.uk/government/organisations/criminal-cases-review-commission,http://www.ccrc.gov.uk/
https://gov.uk/government/organisations/crossrail-international,https://www.crossrail-international.co.uk
https://gov.uk/government/organisations/crown-prosecution-service,http://www.cps.gov.uk/
https://gov.uk/government/organisations/dartmoor-national-park-authority,https://www.dartmoor.gov.uk/
https://gov.uk/government/organisations/defence-academy,http://www.da.mod.uk
https://gov.uk/government/organisations/defence-and-security-media-advisory-committee,http://www.dsma.uk/
https://gov.uk/government/organisations/defence-sixth-form-college,http://www.dsfc.ac.uk
https://gov.uk/government/organisations/department-for-communities-northern-ireland,https://www.communities-ni.gov.uk/
https://gov.uk/government/organisations/department-for-infrastructure-northern-ireland,https://www.infrastructure-ni.gov.uk/
https://gov.uk/government/organisations/department-for-the-economy-northern-ireland,https://www.economy-ni.gov.uk/
https://gov.uk/government/organisations/department-of-agriculture-environment-and-rural-affairs-northern-ireland,https://www.daera-ni.gov.uk/
https://gov.uk/government/organisations/department-of-education,https://www.education-ni.gov.uk/
https://gov.uk/government/organisations/department-of-finance-northern-ireland,https://www.finance-ni.gov.uk/
https://gov.uk/government/organisations/department-of-health-northern-ireland,https://www.health-ni.gov.uk/
https://gov.uk/government/organisations/department-of-justice-northern-ireland,https://www.justice-ni.gov.uk/
https://gov.uk/government/organisations/directly-operated-railways-limited,http://webarchive.nationalarchives.gov.uk/20151215172524/http://www.directlyoperatedrailways.co.uk/html/index.php
https://gov.uk/government/organisations/drinking-water-inspectorate,http://www.dwi.gov.uk
https://gov.uk/government/organisations/east-west-railway-company,https://eastwestrail.co.uk/
https://gov.uk/government/organisations/ebbsfleet-development-corporation,http://ebbsfleetdc.org.uk/
https://gov.uk/government/organisations/economic-and-social-research-council,http://www.esrc.ac.uk/
https://gov.uk/government/organisations/engineering-and-physical-sciences-research-council,http://www.epsrc.ac.uk/
https://gov.uk/government/organisations/engineering-construction-industry-training-board,http://www.ecitb.org.uk/
https://gov.uk/government/organisations/english-institute-of-sport,http://www.eis2win.co.uk/
https://gov.uk/government/organisations/equality-and-human-rights-commission,http://www.equalityhumanrights.com/
https://gov.uk/government/organisations/estyn,http://www.estyn.gov.uk/
https://gov.uk/government/organisations/exmoor-national-park-authority,http://www.exmoor-nationalpark.gov.uk/
https://gov.uk/government/organisations/family-justice-council,http://www.judiciary.gov.uk/about-the-judiciary/advisory-bodies/fjc
https://gov.uk/government/organisations/fcdo-services,https://www.fcdoservices.gov.uk
https://gov.uk/government/organisations/financial-conduct-authority,https://www.fca.org.uk/
https://gov.uk/government/organisations/financial-reporting-council,https://www.frc.org.uk/
https://gov.uk/government/organisations/fire-service-college,http://www.fireservicecollege.ac.uk/
https://gov.uk/government/organisations/fleet-air-arm-museum,http://www.fleetairarm.com/
https://gov.uk/government/organisations/food-standards-agency,http://www.food.gov.uk/
https://gov.uk/government/organisations/forest-enterprise-england,https://www.forestryengland.uk
https://gov.uk/government/organisations/forest-research,https://www.forestresearch.gov.uk
https://gov.uk/government/organisations/gambling-commission,http://www.gamblingcommission.gov.uk/
https://gov.uk/government/organisations/gangmasters-and-labour-abuse-authority,http://www.gla.gov.uk/
https://gov.uk/government/organisations/geffrye-museum,http://www.geffrye-museum.org.uk/
https://gov.uk/government/organisations/general-advisory-committee-on-science,http://www.food.gov.uk/gacs
https://gov.uk/government/organisations/government-communications-headquarters,http://www.gchq.gov.uk/
https://gov.uk/government/organisations/great-britain-china-centre,http://www.gbcc.org.uk/
https://gov.uk/government/organisations/health-and-safety-executive,http://www.hse.gov.uk/
https://gov.uk/government/organisations/health-education-england,http://hee.nhs.uk/
https://gov.uk/government/organisations/health-research-authority,http://www.hra.nhs.uk/
https://gov.uk/government/organisations/her-majestys-government-communications-centre,http://www.hmgcc.gov.uk/
https://gov.uk/government/organisations/higher-education-statistical-agency,https://www.hesa.ac.uk/
https://gov.uk/government/organisations/historic-england,http://www.historicengland.org.uk/
https://gov.uk/government/organisations/historic-royal-palaces,http://www.hrp.org.uk
https://gov.uk/government/organisations/hm-crown-prosecution-service-inspectorate,http://www.justiceinspectorates.gov.uk/hmcpsi/
https://gov.uk/government/organisations/hm-inspectorate-of-constabulary-and-fire-rescue-services,https://www.justiceinspectorates.gov.uk/hmicfrs/
https://gov.uk/government/organisations/hm-inspectorate-of-prisons,http://www.justice.gov.uk/about/hmi-prisons
https://gov.uk/government/organisations/hm-inspectorate-of-probation,http://www.justice.gov.uk/about/hmi-probation
https://gov.uk/government/organisations/horniman-museum,http://www.horniman.ac.uk/
https://gov.uk/government/organisations/horserace-betting-levy-board,http://www.hblb.org.uk/
https://gov.uk/government/organisations/house-of-lords-appointments-commission,http://lordsappointments.independent.gov.uk/
https://gov.uk/government/organisations/housing-ombudsman,http://www.housing-ombudsman.org.uk/
https://gov.uk/government/organisations/hsc-business-services-organisation-northern-ireland,http://www.hscbusiness.hscni.net/
https://gov.uk/government/organisations/human-fertilisation-and-embryology-authority,http://www.hfea.gov.uk/
https://gov.uk/government/organisations/human-tissue-authority,http://www.hta.gov.uk/
https://gov.uk/government/organisations/imperial-war-museum,http://www.iwm.org.uk/
https://gov.uk/government/organisations/independent-advisory-panel-on-deaths-in-custody,http://www.iapondeathsincustody.org/
https://gov.uk/government/organisations/independent-anti-slavery-commissioner,http://www.antislaverycommissioner.co.uk/
https://gov.uk/government/organisations/independent-commission-for-aid-impact,http://icai.independent.gov.uk/
https://gov.uk/government/organisations/independent-commission-on-civil-aviation-noise,https://iccan.gov.uk/
https://gov.uk/government/organisations/independent-complaints-reviewer,http://www.icrev.org.uk/
https://gov.uk/government/organisations/independent-monitoring-authority-for-the-citizens-rights-agreements,https://ima-citizensrights.org.uk/
https://gov.uk/government/organisations/independent-monitoring-boards-of-prisons-immigration-removal-centres-and-short-term-holding-rooms,http://www.imb.org.uk/
https://gov.uk/government/organisations/independent-office-for-police-conduct,https://policeconduct.gov.uk/
https://gov.uk/government/organisations/independent-parliamentary-standards-authority,http://www.theipsa.org.uk/
https://gov.uk/government/organisations/independent-reviewer-of-terrorism-legislation,https://terrorismlegislationreviewer.independent.gov.uk
https://gov.uk/government/organisations/information-commissioner-s-office,http://www.ico.org.uk/
https://gov.uk/government/organisations/institute-for-apprenticeships-and-technical-education,https://www.instituteforapprenticeships.org/
https://gov.uk/government/organisations/investigatory-powers-commissioners-office,https://www.ipco.org.uk
https://gov.uk/government/organisations/investigatory-powers-tribunal,http://www.ipt-uk.com/
https://gov.uk/government/organisations/iraq-inquiry,http://www.iraqinquiry.org.uk
https://gov.uk/government/organisations/joint-nature-conservation-committee,http://jncc.defra.gov.uk/
https://gov.uk/government/organisations/judicial-appointments-commission,https://www.judicialappointments.gov.uk
https://gov.uk/government/organisations/judicial-office,https://www.judiciary.gov.uk/
https://gov.uk/government/organisations/lake-district-national-park-authority,http://www.lakedistrict.gov.uk/
https://gov.uk/government/organisations/law-commission,http://www.lawcom.gov.uk
https://gov.uk/government/organisations/leasehold-advisory-service,https://www.lease-advice.org/
https://gov.uk/government/organisations/legal-services-agency-northern-ireland,https://www.justice-ni.gov.uk/topics/legal-aid/legal-services-agency-northern-ireland
https://gov.uk/government/organisations/legal-services-board,http://www.legalservicesboard.org.uk/
https://gov.uk/government/organisations/livestock-and-meat-commission-for-northern-ireland,https://www.lmcni.com/
https://gov.uk/government/organisations/local-government-ombudsman,http://www.lgo.org.uk
https://gov.uk/government/organisations/located,https://located.co.uk/
https://gov.uk/government/organisations/london-and-continental-railways-ltd,http://www.lcrhq.co.uk/
https://gov.uk/government/organisations/marshall-aid-commemoration-commission,http://www.marshallscholarship.org/
https://gov.uk/government/organisations/medical-research-council,http://www.mrc.ac.uk/
https://gov.uk/government/organisations/met-office,http://www.metoffice.gov.uk/
https://gov.uk/government/organisations/national-army-museum,http://www.nam.ac.uk/
https://gov.uk/government/organisations/national-citizen-service,https://www.ncsyes.co.uk/
https://gov.uk/government/organisations/national-crime-agency,http://www.nationalcrimeagency.gov.uk/
https://gov.uk/government/organisations/national-cyber-security-centre,https://www.ncsc.gov.uk/
https://gov.uk/government/organisations/national-employment-savings-trust,http://www.nestpensions.org.uk/
https://gov.uk/government/organisations/national-forest-company,http://www.nationalforest.org
https://gov.uk/government/organisations/national-gallery,http://www.nationalgallery.org.uk/
https://gov.uk/government/organisations/national-heritage-memorial-fund,http://www.nhmf.org.uk/
https://gov.uk/government/organisations/national-infrastructure-commission,https://www.nic.org.uk/
https://gov.uk/government/organisations/national-institute-for-clinical-excellence,http://www.nice.org.uk/
https://gov.uk/government/organisations/national-leadership-centre,https://www.nationalleadership.gov.uk/
https://gov.uk/government/organisations/national-lottery-heritage-fund,https://www.heritagefund.org.uk/
https://gov.uk/government/organisations/national-museums-liverpool,http://www.liverpoolmuseums.org.uk/
https://gov.uk/government/organisations/national-portrait-gallery,http://www.npg.org.uk/
https://gov.uk/government/organisations/natural-environment-research-council,http://www.nerc.ac.uk/
https://gov.uk/government/organisations/natural-history-museum,http://www.nhm.ac.uk/
https://gov.uk/government/organisations/natural-resources-wales,http://naturalresourceswales.gov.uk/
https://gov.uk/government/organisations/network-rail,https://www.networkrail.co.uk/
https://gov.uk/government/organisations/new-forest-national-park-authority,http://www.newforestnpa.gov.uk/
https://gov.uk/government/organisations/nhs-blood-and-transplant,http://www.nhsbt.nhs.uk/
https://gov.uk/government/organisations/nhs-business-services-authority,http://www.nhsbsa.nhs.uk/
https://gov.uk/government/organisations/nhs-commissioning-board,http://www.england.nhs.uk/
https://gov.uk/government/organisations/nhs-counter-fraud-authority,https://cfa.nhs.uk/
https://gov.uk/government/organisations/nhs-digital,http://digital.nhs.uk/
https://gov.uk/government/organisations/nhs-improvement,http://www.england.nhs.uk/
https://gov.uk/government/organisations/nhs-resolution,https://resolution.nhs.uk/
https://gov.uk/government/organisations/nhs-wales-informatics-service,https://nwis.nhs.wales/
https://gov.uk/government/organisations/north-york-moors-national-park,http://www.northyorkmoors.org.uk/
https://gov.uk/government/organisations/northern-ireland-court-service,https://www.justice-ni.gov.uk/topics/courts-and-tribunals
https://gov.uk/government/organisations/northern-ireland-executive,http://www.northernireland.gov.uk
https://gov.uk/government/organisations/northern-ireland-housing-executive,http://www.nihe.gov.uk/index/about.htm
https://gov.uk/government/organisations/northern-ireland-human-rights-commission,http://www.nihrc.org/
https://gov.uk/government/organisations/northern-ireland-policing-board,http://www.nipolicingboard.org.uk/
https://gov.uk/government/organisations/northern-ireland-prison-service,https://www.justice-ni.gov.uk/topics/prisons
https://gov.uk/government/organisations/northern-ireland-statistics-and-research-agency,http://www.nisra.gov.uk/
https://gov.uk/government/organisations/northern-lighthouse-board,http://www.nlb.org.uk/
https://gov.uk/government/organisations/northumberland-national-park-authority,http://www.northumberlandnationalpark.org.uk
https://gov.uk/government/organisations/ns-i,http://www.nsandi.com/
https://gov.uk/government/organisations/ofcom,http://www.ofcom.org.uk
https://gov.uk/government/organisations/office-for-budget-responsibility,http://budgetresponsibility.independent.gov.uk/
https://gov.uk/government/organisations/office-for-national-statistics,http://www.ons.gov.uk/
https://gov.uk/government/organisations/office-for-nuclear-regulation,http://www.onr.org.uk/index.htm
https://gov.uk/government/organisations/office-for-students,https://www.officeforstudents.org.uk/
https://gov.uk/government/organisations/office-of-rail-and-road,http://www.orr.gov.uk
https://gov.uk/government/organisations/office-of-the-children-s-commissioner,http://www.childrenscommissioner.gov.uk/
https://gov.uk/government/organisations/office-of-the-police-ombudsman-for-northern-ireland,https://www.policeombudsman.org/
https://gov.uk/government/organisations/office-of-the-registrar-of-consultant-lobbyists,http://registrarofconsultantlobbyists.org.uk/
https://gov.uk/government/organisations/ofgem,http://www.ofgem.gov.uk/
https://gov.uk/government/organisations/oil-and-gas-authority,https://www.ogauthority.co.uk/
https://gov.uk/government/organisations/ordnance-survey,http://www.ordnancesurvey.co.uk/
https://gov.uk/government/organisations/parades-commission-for-northern-ireland,http://www.paradescommission.org/
https://gov.uk/government/organisations/payment-systems-regulator,https://www.psr.org.uk/
https://gov.uk/government/organisations/peak-district-national-park,http://www.peakdistrict.gov.uk/
https://gov.uk/government/organisations/pension-protection-fund,https://www.ppf.co.uk/
https://gov.uk/government/organisations/pension-protection-fund-ombudsman,https://www.pensions-ombudsman.org.uk/
https://gov.uk/government/organisations/pensions-ombudsman,http://www.pensions-ombudsman.org.uk/
https://gov.uk/government/organisations/phone-paid-services-authority,https://psauthority.org.uk/
https://gov.uk/government/organisations/police-service-of-northern-ireland,http://www.psni.police.uk/
https://gov.uk/government/organisations/porton-biopharma-limited,http://www.portonbiopharma.com/
https://gov.uk/government/organisations/prisons-and-probation-ombudsman,http://www.ppo.gov.uk/
https://gov.uk/government/organisations/privy-council-office,http://privycouncil.independent.gov.uk/
https://gov.uk/government/organisations/probation-board-for-northern-ireland,http://www.pbni.org.uk/
https://gov.uk/government/organisations/professional-standards-authority-for-health-and-social-care,http://www.professionalstandards.org.uk/
https://gov.uk/government/organisations/public-health-agency-northern-ireland,http://www.publichealth.hscni.net
https://gov.uk/government/organisations/public-health-wales,https://phw.nhs.wales/
https://gov.uk/government/organisations/public-prosecution-service-for-northern-ireland,http://www.ppsni.gov.uk/
https://gov.uk/government/organisations/queen-elizabeth-ii-conference-centre,https://qeiicentre.london/
https://gov.uk/government/organisations/rail-safety-and-standards-board,http://www.rssb.co.uk/
https://gov.uk/government/organisations/royal-air-force-museum,http://www.rafmuseum.org.uk
https://gov.uk/government/organisations/royal-armouries-museum,http://www.royalarmouries.org/
https://gov.uk/government/organisations/royal-marines-museum,http://www.royalmarinesmuseum.co.uk/
https://gov.uk/government/organisations/royal-mint,http://www.royalmint.com/
https://gov.uk/government/organisations/royal-museums-greenwich,http://www.rmg.co.uk
https://gov.uk/government/organisations/royal-naval-museum,http://www.nmrn.org.uk
https://gov.uk/government/organisations/royal-navy-submarine-museum,http://www.submarine-museum.co.uk/
https://gov.uk/government/organisations/s4c,http://www.s4c.co.uk
https://gov.uk/government/organisations/salix-finance-ltd,https://www.salixfinance.co.uk
https://gov.uk/government/organisations/science-and-technology-facilities-council,http://www.stfc.ac.uk/
https://gov.uk/government/organisations/science-museum-group,https://group.sciencemuseum.org.uk
https://gov.uk/government/organisations/sea-fish-industry-authority,http://www.seafish.org/
https://gov.uk/government/organisations/secret-intelligence-service,https://www.sis.gov.uk/
https://gov.uk/government/organisations/serious-fraud-office,http://www.sfo.gov.uk/
https://gov.uk/government/organisations/service-complaints-ombudsman,https://www.servicecomplaintsombudsman.org.uk/
https://gov.uk/government/organisations/single-financial-guidance-body,https://moneyandpensionsservice.org.uk/
https://gov.uk/government/organisations/sir-john-soane-s-museum,http://www.soane.org/
https://gov.uk/government/organisations/social-science-research-committee,http://www.food.gov.uk/ssrc
https://gov.uk/government/organisations/social-work-england,https://socialworkengland.org.uk/
https://gov.uk/government/organisations/south-downs-national-park-authority,http://www.southdowns.gov.uk
https://gov.uk/government/organisations/sport-england,http://www.sportengland.org
https://gov.uk/government/organisations/sports-council-for-northern-ireland,http://www.sportni.net/
https://gov.uk/government/organisations/sports-council-for-wales,https://www.sport.wales/
https://gov.uk/government/organisations/sports-grounds-safety-authority,http://www.safetyatsportsgrounds.org.uk/
https://gov.uk/government/organisations/supreme-court-of-the-united-kingdom,http://www.supremecourt.uk
https://gov.uk/government/organisations/tate,http://www.tate.org.uk
https://gov.uk/government/organisations/the-advisory-council-on-national-records-and-archives,http://www.nationalarchives.gov.uk/advisorycouncil/default.htm
https://gov.uk/government/organisations/the-crown-estate,http://www.thecrownestate.co.uk/
https://gov.uk/government/organisations/the-electoral-commission,http://www.electoralcommission.org.uk/
https://gov.uk/government/organisations/the-executive-office-northern-ireland,https://www.executiveoffice-ni.gov.uk/
https://gov.uk/government/organisations/the-legal-ombudsman,http://www.legalombudsman.org.uk/
https://gov.uk/government/organisations/the-national-archives,http://www.nationalarchives.gov.uk/
https://gov.uk/government/organisations/the-national-lottery-community-fund,https://www.tnlcommunityfund.org.uk/
https://gov.uk/government/organisations/the-parliamentary-and-health-service-ombudsman,http://www.ombudsman.org.uk/
https://gov.uk/government/organisations/the-pensions-advisory-service,http://www.pensionsadvisoryservice.org.uk/
https://gov.uk/government/organisations/the-pensions-regulator,https://www.thepensionsregulator.gov.uk
https://gov.uk/government/organisations/the-reviewing-committee-on-the-export-of-works-of-art-and-objects-of-cultural-interest,http://www.artscouncil.org.uk/what-we-do/supporting-museums/cultural-property/export-controls/reviewing-committee/
https://gov.uk/government/organisations/the-scottish-government,http://www.gov.scot/
https://gov.uk/government/organisations/the-security-service-mi5,https://www.mi5.gov.uk/
https://gov.uk/government/organisations/the-sentencing-council-for-england-and-wales,https://www.sentencingcouncil.org.uk
https://gov.uk/government/organisations/the-theatres-trust,http://www.theatrestrust.org.uk/
https://gov.uk/government/organisations/the-water-services-regulation-authority,http://www.ofwat.gov.uk/
https://gov.uk/government/organisations/transport-focus,http://www.transportfocus.org.uk/
https://gov.uk/government/organisations/treasure-valuation-committee,http://finds.org.uk/
https://gov.uk/government/organisations/trinity-house,http://www.trinityhouse.co.uk/th/about/index.html
https://gov.uk/government/organisations/uk-anti-doping,http://www.ukad.org.uk
https://gov.uk/government/organisations/uk-asset-resolution-limited,https://www.ukar.co.uk/
https://gov.uk/government/organisations/uk-debt-management-office,http://www.dmo.gov.uk/
https://gov.uk/government/organisations/uk-government-investments,https://www.ukgi.org.uk
https://gov.uk/government/organisations/uk-research-and-innovation,http://www.ukri.org/
https://gov.uk/government/organisations/uk-sport,http://www.uksport.gov.uk/
https://gov.uk/government/organisations/uk-statistics-authority,http://www.statisticsauthority.gov.uk/
https://gov.uk/government/organisations/valuation-tribunal-for-england,https://www.valuationtribunal.gov.uk/about-us/vte
https://gov.uk/government/organisations/valuation-tribunal-service-for-england-valuation-tribunal-service,http://www.valuationtribunal.gov.uk/
https://gov.uk/government/organisations/vehicle-certification-agency,https://www.vehicle-certification-agency.gov.uk/
https://gov.uk/government/organisations/victims-commissioner,http://victimscommissioner.org.uk/
https://gov.uk/government/organisations/victoria-and-albert-museum,http://www.vam.ac.uk
https://gov.uk/government/organisations/visitbritain,http://www.visitbritain.org/
https://gov.uk/government/organisations/visitengland,http://www.visitengland.com
https://gov.uk/government/organisations/wales-audit-office,http://www.wao.gov.uk/
https://gov.uk/government/organisations/wallace-collection,http://www.wallacecollection.org/
https://gov.uk/government/organisations/welsh-government,https://gov.wales
https://gov.uk/government/organisations/welsh-language-commissioner,http://www.comisiynyddygymraeg.org/
https://gov.uk/government/organisations/westminster-foundation-for-democracy,http://www.wfd.org/
https://gov.uk/government/organisations/wilton-park,http://www.wiltonpark.org.uk
https://gov.uk/government/organisations/yorkshire-dales-national-park-authority,http://www.yorkshiredales.org.uk/
https://gov.uk/government/organisations/youth-justice-agency-of-northern-ireland,https://www.justice-ni.gov.uk/topics/youth-justice/youth-justice-agency
https://gov.uk/government/organisations/sports-council-for-wales,https://www.sport.wales/